date,CLEARNESS_INDEX,CLOUD_AMOUNT_DAY,EVAPORATION_LAND,EVAPOTRANSPIRATION,EVAPOTRANSPIRATION_ENERGY_FLUX,LONGWAVE_RADIATION,PRECIPITATION_AVG,PRECIPITATION_MAX,PRECIPITATION_MIN,RELATIVE_HUMIDITY,SOIL_HEAT_FLUX,SOIL_TEMP_LAYER1,SOIL_TEMP_LAYER2,SOLAR_RADIATION,SURFACE_PRESSURE,TEMPERATURE,TEMPERATURE_MAX,TEMPERATURE_MIN,WIND_SPEED,source
2026-03-20,0.6787470724900488,38.55035130119415,3.3717693009733996,3.73155989722329,105.97630108114143,333.284678209044,3.546863536503844,4.07889306697942,3.0148340060282672,75.37142439026138,1.1660360152009348,14.5174601939947,13.085265034319518,15.676592415839728,96.4412641341141,13.452030890408308,20.58021897015741,6.905252749994539,2.3115689611793355,Synthetic deterministic publication-reference demo; not NASA POWER
2026-03-21,0.5382167428525404,55.41399085769516,2.851592151290263,3.528577628942743,100.2116046619739,337.9141532541289,0.0,0.0,0.0,69.23667602299231,1.0748213295966647,13.854550452727871,13.690406807385308,14.051158752668073,97.42659214294652,13.250231875626426,20.69230403494331,7.134532478904722,3.31268527821451,Synthetic deterministic publication-reference demo; not NASA POWER
2026-03-22,0.5378016244243944,55.46380506907268,3.2415952719252052,4.022400001641813,114.23616004662749,335.5041777264311,0.0,0.0,0.0,71.20934016371653,3.400468276806058,14.921379172267956,13.143203260217627,14.851689677181392,96.83254987341736,13.655018949728206,22.188024103810424,7.032809387699598,2.1997828837635147,Synthetic deterministic publication-reference demo; not NASA POWER
2026-03-23,0.5625635813097875,52.49237024282551,3.280744214834288,3.976187250288379,112.92371790818996,355.7828064945646,7.561090238802539,8.69525377462292,6.426926702982158,70.84650462553844,2.4987241446950703,16.51549932186102,16.278293436876694,13.323277420259277,97.31501548980073,14.699257400099782,22.838303362838595,6.96595262963462,1.2730429718548402,Synthetic deterministic publication-reference demo; not NASA POWER
2026-03-24,0.6291875265625295,44.49749681249645,3.160257021393352,3.876066066891022,110.08027629970502,346.5791159600139,0.0,0.0,0.0,69.11507193108449,2.0773105038397968,14.735284988818087,12.690161585891472,17.104135957612208,97.2568584136904,13.34830389883924,19.786420001978765,6.056986432881965,2.1689197896984815,Synthetic deterministic publication-reference demo; not NASA POWER
2026-03-25,0.7454173479925692,30.5499182408917,2.981565177822567,3.9313754869588275,111.6510638296307,346.05873231180334,0.0,0.0,0.0,70.57455906786201,2.302274725677539,18.61433422840425,17.16456373845116,16.82169019873454,96.63705562833218,16.790976572907994,23.393688054583894,9.6493934875891,2.4949030084975536,Synthetic deterministic publication-reference demo; not NASA POWER
2026-03-26,0.541102495936123,55.067700487665235,3.730841947374606,4.438679243921186,126.05849052736167,344.74053343483496,0.0,0.0,0.0,69.45641988175005,4.168039005425544,17.21902338926027,16.418206411916362,16.168356485678295,96.98915485096784,15.719250514107294,24.5415428866439,8.959529007486104,3.3035841964468027,Synthetic deterministic publication-reference demo; not NASA POWER
2026-03-27,0.5492021334919011,54.09574398097188,2.9841629619682912,3.6173127198462316,102.73168124363298,339.9705343472959,0.0,0.0,0.0,70.60388724216112,-1.6480694859296927,16.708220293526068,15.619984266713288,15.129708837796317,96.05084646441284,14.774513751861424,21.898757713065248,8.079098257815298,1.9026332591403667,Synthetic deterministic publication-reference demo; not NASA POWER
2026-03-28,0.5733378825895044,51.199454089259476,3.235293353589802,3.662295187251301,104.00918331793694,350.1728210785795,2.5384946584697214,2.9192688572401795,2.157720459699263,67.87366036435128,5.303636501637835,14.608014391871707,13.811632374796861,16.77152910671052,96.03781008549664,14.385110966085588,21.572756468967256,8.371885194661424,3.697842680378079,Synthetic deterministic publication-reference demo; not NASA POWER
2026-03-29,0.6540282368784616,41.51661157458461,3.647616310607975,4.369501270259696,124.09383607537536,354.2423660158836,0.0,0.0,0.0,75.47258105983593,3.940729234706784,17.418917334344254,17.1921692308248,17.567126458705438,96.58355072328777,16.00473955398139,24.209647436345154,11.297829467391061,3.2139110225929732,Synthetic deterministic publication-reference demo; not NASA POWER
2026-03-30,0.5546639427553393,53.440326869359296,3.398641577402811,4.070284053810695,115.59606712822372,340.8623521212717,0.0,0.0,0.0,66.36107763726442,4.515968907574151,15.347513208672183,14.267398830816909,15.66749806724577,96.9764704554414,14.693601375590042,22.65057547830981,8.426016952747878,3.592433390847155,Synthetic deterministic publication-reference demo; not NASA POWER
2026-03-31,0.6671223054075124,39.94532335109851,3.3877802384620974,4.511373710040618,128.12301336515355,324.41603357408263,0.7910729488571677,0.9097338911857428,0.6724120065285926,77.40896942614062,4.259551693700056,17.6538357591408,15.361074153336581,14.055662480250934,97.06802271497172,14.792967336424141,22.599657393196203,8.423944418971034,2.290735038974086,Synthetic deterministic publication-reference demo; not NASA POWER
2026-04-01,0.5991725074078496,48.099299111058045,3.2319306507146495,3.912981878036567,111.12868533623849,343.71410341335263,0.0,0.0,0.0,85.17085170342231,1.8924083398964258,17.542392913838967,15.504714629860176,15.638976045880767,95.88691961364943,15.740912139659994,22.812921762911202,8.337291022419166,3.1580174191535946,Synthetic deterministic publication-reference demo; not NASA POWER
2026-04-02,0.6494522075269222,42.06573509676933,3.490725651076032,4.342578784625474,123.32923748336347,332.0421787141104,0.0,0.0,0.0,69.08878969783322,0.0636394587035145,20.21843110533495,19.11290478796472,18.81035594265105,97.27420571437686,17.688143561972137,25.56883561810741,10.28592067370262,3.6284731640139314,Synthetic deterministic publication-reference demo; not NASA POWER
2026-04-03,0.6027700319939393,47.667596160727285,2.9844443797147617,3.766890524039116,106.9796908827109,340.1113765280699,0.0,0.0,0.0,72.8277728437242,5.189829337083383,20.04233885514897,18.417015438476632,12.985751020908813,97.14955509089447,18.034039605961063,25.500655016535745,11.585754772970864,3.931009232687522,Synthetic deterministic publication-reference demo; not NASA POWER
2026-04-04,0.5121662481484774,58.540050222182714,3.2708516216555714,3.6176551551038,102.74140640494792,343.63313305223727,0.0,0.0,0.0,65.72366692633956,3.381891311272777,17.965909239684613,17.86593680116309,14.917412057933335,97.56588981224672,17.44187015241666,24.029921091306228,11.385211649725601,2.2115234347307062,Synthetic deterministic publication-reference demo; not NASA POWER
2026-04-05,0.5498138179618834,54.02234184457398,3.203822608271244,3.8089828101027297,108.17511180691751,353.07395472081043,9.031315625173795,10.386012968949863,7.676618281397725,68.54515077581718,3.9017925056826437,19.423397581756902,17.55836691882939,16.402747971571653,97.60155579339863,17.592609807478453,24.719053463185986,11.50684551575824,2.4376654250946443,Synthetic deterministic publication-reference demo; not NASA POWER
2026-04-06,0.6155190474397922,46.137714307224925,2.9650876109331064,3.6834130443396127,104.608930459245,356.2326038392127,9.361114784234719,10.765282001869926,7.956947566599511,69.77106911124301,-0.5858109647388205,20.850901194896664,19.045353198830686,16.065275837661154,95.8108134309444,18.795772522470482,26.715954703835216,13.16790819616423,1.6624765793095047,Synthetic deterministic publication-reference demo; not NASA POWER
2026-04-07,0.44513819644561103,66.58341642652668,3.0586101828207624,3.911458165520248,111.08541190077503,352.22664426583276,3.8147744552605385,4.386990623549619,3.2425582869714575,63.636373723958634,2.0014702590399764,19.64721558446538,18.796309674645464,14.70957767985882,96.46521245825524,18.39529582453253,26.66784116401657,12.068984239113636,2.440089472801823,Synthetic deterministic publication-reference demo; not NASA POWER
2026-04-08,0.7060626534598804,35.27248158481436,3.8232797605318742,3.965278622502376,112.61391287906747,359.3378754788228,0.0,0.0,0.0,74.58593549998464,-2.858580748425177,19.782428476526352,18.928344627904966,18.603643511970038,96.70206207787085,18.239035394421485,25.17962631272146,11.95395159487554,1.5434322960587121,Synthetic deterministic publication-reference demo; not NASA POWER
2026-04-09,0.7455472425863756,30.534330889634923,3.814966410531141,4.252925465207489,120.78308321189267,345.0494618645647,0.0,0.0,0.0,56.76407318319996,2.1916990251979898,19.69918490729129,18.10829983545261,19.719689790740865,97.61173998109454,18.32658832202033,27.173475624470115,11.217404928520944,1.9919442798950424,Synthetic deterministic publication-reference demo; not NASA POWER
2026-04-10,0.5533261383970854,53.600863392349744,3.111816023049675,3.8399754689216126,109.05530331737378,357.0027436039353,0.0,0.0,0.0,75.53285297108022,-3.944507796943669,19.861563958888414,20.173229972941307,16.936450819571807,96.69779104395064,19.641290680934862,28.38253882113937,12.657863856533936,2.8342670236326026,Synthetic deterministic publication-reference demo; not NASA POWER
2026-04-11,0.8327784564308343,20.066585228299882,4.121026568529647,5.030734101470668,142.87284848176697,344.8157409947116,0.0,0.0,0.0,70.68407915551515,3.614911721617304,18.359438542979053,16.09605710899468,18.766883955301424,96.19610374035251,16.252922618273736,23.987298231741406,8.229436511637322,2.457751806945735,Synthetic deterministic publication-reference demo; not NASA POWER
2026-04-12,0.5516656714694206,53.80011942366952,3.711982632495966,4.677087497054445,132.82928491634624,353.78601535445773,0.0,0.0,0.0,60.19645162979884,3.1815766191517003,21.303824356824418,19.983107995358466,16.427339434099032,95.73900865928458,20.199833305296103,28.079434476162334,12.602162428124512,1.6120437327165027,Synthetic deterministic publication-reference demo; not NASA POWER
2026-04-13,0.5895598386072118,49.25281936713457,3.196139817337674,4.107433061111208,116.6510989355583,342.27941542677644,0.0,0.0,0.0,72.84038988856915,3.2571292087966066,16.54531969419423,16.40439881903198,15.884806707943808,96.49059640133154,16.498597397212034,24.88904474555664,9.932520453706893,1.508843614316113,Synthetic deterministic publication-reference demo; not NASA POWER
2026-04-14,0.6486231021763602,42.16522773883678,3.886230716161018,4.541425639197624,128.97648815321253,345.2260325320973,0.0,0.0,0.0,66.13494963266815,-3.5698151021263618,21.46887062676538,20.996501897117167,17.103070806542284,96.56420111788785,20.73452573965934,29.271838049672816,14.112816216942008,3.270073702907584,Synthetic deterministic publication-reference demo; not NASA POWER
2026-04-15,0.8531538194234924,17.6215416691809,4.469963210328716,4.965164332489908,141.01066704271338,345.68444587789,0.0,0.0,0.0,71.95972536502572,-1.747805043024141,20.48874673876415,19.322003046006053,21.563033212692602,95.93688753473796,18.58117274959654,25.767414367948753,11.976413258916002,1.92538858763732,Synthetic deterministic publication-reference demo; not NASA POWER
2026-04-16,0.5879684902389808,49.4437811713223,3.6408897252588606,4.048644576824937,114.98150598182819,346.81631795818845,0.0,0.0,0.0,68.6647539705853,3.462308450219493,19.258036916228534,17.415403667704634,18.0678797993064,96.19862028769272,17.033694032569517,24.059700004207926,11.400860831562586,2.9796718060800083,Synthetic deterministic publication-reference demo; not NASA POWER
2026-04-17,0.7360540707273937,31.673511512712764,3.87867159716976,4.50280166149036,127.87956718632623,348.63227011349784,9.545961548934955,10.977855781275197,8.114067316594712,73.19301097367139,-0.4857039010834405,19.556622246403535,19.120867187314982,20.182613225454546,96.49451677493883,18.728846975391303,25.32564957994814,12.40434959142064,3.498404893876109,Synthetic deterministic publication-reference demo; not NASA POWER
2026-04-18,0.6763527859122702,38.83766569052757,3.556540677978849,4.294186897295108,121.95490788318106,360.8663957211752,0.0,0.0,0.0,65.65245790147138,-0.48242512355976896,21.978292733966256,20.982849285841873,18.981308465334838,96.19296648403656,20.48142011074172,26.797775932720107,13.965742304030274,2.233875066504668,Synthetic deterministic publication-reference demo; not NASA POWER
2026-04-19,0.6260996453698477,44.868042555618274,3.5656059296271154,3.96265678499671,112.53945269390655,356.0213431043972,0.0,0.0,0.0,75.26815923296208,3.099057730513973,19.711609794930954,18.87277974860976,19.63451826565207,95.77611748655976,18.34178961209337,24.737435416943207,12.598256590968742,4.48390683221338,Synthetic deterministic publication-reference demo; not NASA POWER
2026-04-20,0.6868177443754342,37.58187067494789,4.13136967366773,4.585234246538898,130.2206526017047,348.61038409091486,0.0,0.0,0.0,69.14009760897991,4.027794611896127,22.233917094996617,20.058514272268216,16.57424958045855,97.28969883750835,20.145488329486852,26.65531509287887,13.880438393464544,3.0624953982212113,Synthetic deterministic publication-reference demo; not NASA POWER
2026-04-21,0.7716341090472891,27.40390691432531,4.082201289181255,5.104226052682306,144.9600198961775,355.4020591176706,0.0,0.0,0.0,74.13622204234198,-2.4991545558477037,21.32584460893898,20.31522511685048,22.32364346358782,97.21414651013129,20.19965782108361,28.312284084424014,14.147765670522618,2.4806346572676325,Synthetic deterministic publication-reference demo; not NASA POWER
2026-04-22,0.6154623303590067,46.1445203569192,3.5159784462616126,4.44991126280415,126.37747986363786,344.19195765241136,0.0,0.0,0.0,65.92839581746827,2.287297813884176,21.067337629840736,21.479121029520464,18.203259589453474,96.97670125612218,20.25607638905189,27.921853360151985,13.832120585599036,3.45775472463205,Synthetic deterministic publication-reference demo; not NASA POWER
2026-04-23,0.6839307992831288,37.92830408602454,3.9432714559362996,4.802378950271001,136.3875621876964,351.3410956129649,0.0,0.0,0.0,68.00966453322101,2.7281669119080734,20.031373458203923,20.45721643621766,18.92338004099911,96.53077246683945,20.476458189962127,28.759350755212672,13.686318749055065,1.7181982816134111,Synthetic deterministic publication-reference demo; not NASA POWER
2026-04-24,0.6697313728630491,39.632235256434114,3.7640883993342293,4.294018552373492,121.95012688740717,362.1542468268065,3.8809836814343335,4.4631312336494835,3.2988361292191835,74.10600140849772,5.657715513595287,24.021854612656213,22.176083014788222,18.247047931299225,96.0907448140471,21.583912405701618,29.283668047038937,15.561475687242137,2.42952047209915,Synthetic deterministic publication-reference demo; not NASA POWER
2026-04-25,0.6480306610640927,42.236320672308885,3.479042542390721,4.548336578459711,129.17275882825578,363.39891261030556,0.0,0.0,0.0,73.83183040597788,-1.2661844653541274,22.606526872283634,21.351645314946666,21.331599656534152,96.19128035976563,20.93467012873647,28.93489889649412,13.77876928974348,2.668498762435658,Synthetic deterministic publication-reference demo; not NASA POWER
2026-04-26,0.6876757932622035,37.478904808535574,3.437129626964345,3.944635422385183,112.02764599573919,351.9125525923541,0.0,0.0,0.0,78.5289903497613,4.134359536275314,22.945666881820348,20.545222955025658,17.897941189536397,96.66066099531558,20.758970215381023,28.3227034597116,14.549064045218117,1.12021382063455,Synthetic deterministic publication-reference demo; not NASA POWER
2026-04-27,0.578304442697944,50.60346687624671,3.4893292597413077,4.018823399702291,114.13458455154506,363.7234963712275,0.0,0.0,0.0,67.91925630623385,-3.3061175598231367,24.906715477613037,23.319669294060752,16.190120736132695,96.51331822023792,23.308250030569532,31.477795228206713,15.546757623981566,4.125673646134405,Synthetic deterministic publication-reference demo; not NASA POWER
2026-04-28,0.597978996450473,48.24252042594323,3.7888771994386508,4.221402969354425,119.88784432966565,354.08148585792605,3.1420453778825808,3.6133521845649677,2.6707385712001934,78.38720819461273,1.7509471023105145,21.282137878629957,20.509136066746617,18.290163961175217,97.22387711628802,20.23850016048917,28.26977529462986,14.245354217200388,2.994582621302303,Synthetic deterministic publication-reference demo; not NASA POWER
2026-04-29,0.7280726123291031,32.63128652050762,3.6367836429205522,4.349266159452042,123.51915892843799,354.12956084573335,0.0,0.0,0.0,67.34124680775537,-1.5329083037864206,22.3702344337765,21.282999498757597,19.70113523701704,97.18956670412112,21.320994682123157,28.255969858747008,14.282196291996012,3.0285541719526994,Synthetic deterministic publication-reference demo; not NASA POWER
2026-04-30,0.7332091241811236,32.01490509826517,3.894668830126794,4.750476678572566,134.91353767146086,362.11759888819824,0.0,0.0,0.0,69.88632215146944,1.5365146304668893,24.16073878904102,23.06458002101662,19.145562088762567,97.07554731258256,22.92855887265176,31.451852301564166,16.397509605524622,2.646625822283266,Synthetic deterministic publication-reference demo; not NASA POWER
2026-05-01,0.7000482012361894,35.99421585165727,3.3415436621675147,4.144653928720547,117.70817157566351,376.8600063140477,0.0,0.0,0.0,79.9026624882314,4.189742005645252,22.473258872152787,22.940500190312605,20.55651611808165,96.33228377237471,22.83612050228331,29.652018425978113,17.50697706947699,2.9212536940590783,Synthetic deterministic publication-reference demo; not NASA POWER
2026-05-02,0.7051141585423442,35.3863009749187,3.6219818497314984,4.232778133302493,120.2108989857908,363.3804206112778,0.0,0.0,0.0,66.28364947098787,3.4375638278002283,24.30879524976918,23.379897573514796,20.117046969017373,96.61068998176756,23.20705791389263,32.115495249352,17.961435402750162,3.0178206077416503,Synthetic deterministic publication-reference demo; not NASA POWER
2026-05-03,0.7039899849430457,35.52120180683452,3.355171214285577,4.582469945121923,130.1421464414626,352.3718833162378,0.0,0.0,0.0,73.43683021197401,-1.7815944388096268,24.53763440066411,24.09035972941722,18.455678465230193,96.67698744044706,23.046875846656405,31.93254773444179,15.88131477437891,3.186394114406863,Synthetic deterministic publication-reference demo; not NASA POWER
2026-05-04,0.6937840822380863,36.745910131429646,3.4300105709330477,4.232654988240835,120.20740166603971,354.3220445627649,0.0,0.0,0.0,64.91505640024617,3.7977963236980585,22.920056726572646,22.41337109142732,18.299360006444505,97.06384755537813,22.184346194493838,29.375068630233173,18.214179480761636,2.8354341515641597,Synthetic deterministic publication-reference demo; not NASA POWER
2026-05-05,0.6778899404222047,38.65320714933543,3.1685880326019134,4.073976353140909,115.7009284292018,358.8373477214643,0.0,0.0,0.0,71.60146543225518,4.806641157167977,24.981498121720023,24.072633431498513,20.644618848146603,95.51872904574353,23.519201296086983,30.559572200089846,18.279850835408688,2.73640546838905,Synthetic deterministic publication-reference demo; not NASA POWER
2026-05-06,0.6853588189909192,37.75694172108969,3.387544245833964,3.948169261161214,112.12800701697847,366.84303597474207,0.0,0.0,0.0,61.159780033542,2.355108550320794,22.869129882275896,21.99034851849222,19.028213892638817,96.11402769018184,22.441493078649746,31.038489076732763,16.932388642857717,3.4765592934291702,Synthetic deterministic publication-reference demo; not NASA POWER
2026-05-07,0.7652690129137625,28.167718450348502,3.475341390326977,4.49095290684821,127.54306255448915,354.93604698369023,0.0,0.0,0.0,58.632946285851574,3.852683102551575,26.916640715461728,25.197431206284033,19.534184412697908,97.09958389659369,24.820546068702864,30.984866509573717,18.614164997530338,3.3395944572714718,Synthetic deterministic publication-reference demo; not NASA POWER
2026-05-08,0.7893033526187005,25.28359768575593,3.5666463827684693,4.599572685796085,130.62786427660882,361.6206884815462,0.0,0.0,0.0,65.51832153653633,1.7137686453647458,23.342830316821082,22.656274311014066,22.03572057308246,95.80196206624062,23.0404323775462,30.317126201466696,16.58222654083544,2.7744583556300775,Synthetic deterministic publication-reference demo; not NASA POWER
2026-05-09,0.8280818475173779,20.63017829791465,4.394568152836799,5.2546587328271555,149.2323080122912,363.8531764190234,3.015390185041068,3.467698712797228,2.5630816572849078,63.565928718295964,4.922917175463693,25.967947816355256,25.081146178838736,23.17025298602159,96.2385776739925,24.828289816350388,33.153796888114435,17.977036122330542,1.729852577541155,Synthetic deterministic publication-reference demo; not NASA POWER
2026-05-10,0.5578500316152004,53.05799620617594,3.954898381444406,4.774655194413468,135.60020752134247,368.8997125980643,0.0,0.0,0.0,60.43853674276706,2.2871145867776166,23.47371266175683,22.787547609200335,20.67345230356295,96.50436277042922,23.29629438069856,30.566064899236434,15.629949709276168,2.5572475552245506,Synthetic deterministic publication-reference demo; not NASA POWER
2026-05-11,0.6036568255500019,47.56118093399977,3.5619716107613058,4.06969787019568,115.5794195135573,361.02649055385973,0.0,0.0,0.0,71.29233426895847,2.2562836011682967,23.015366617762645,22.429492666009743,18.722084081535442,97.31844264449404,21.990902998525666,28.342720477431232,16.07103071658453,2.880328060058727,Synthetic deterministic publication-reference demo; not NASA POWER
2026-05-12,0.8565025119504008,17.2196985659519,3.9138202010474523,5.14638042403181,146.1572040425034,364.48878710420547,0.0,0.0,0.0,71.79904907643161,5.1519145325958435,23.5304237169071,24.05969522950944,23.00682754056509,96.72211569722433,23.106279329346876,30.527215362688406,17.203630009724215,2.7890464997208078,Synthetic deterministic publication-reference demo; not NASA POWER
2026-05-13,0.6802221680015618,38.37333983981259,3.4661689339862485,4.27886654932577,121.51981000085185,351.62765238743833,0.0,0.0,0.0,62.618329266387256,3.1856189671230077,24.036178710876747,22.638061079425974,22.01068847295896,96.31310753378074,23.15699136940106,30.18762173412189,17.546347972019838,2.7183400539669367,Synthetic deterministic publication-reference demo; not NASA POWER
2026-05-14,0.7861767649057938,25.65878821130474,4.330609659567601,4.625522396558958,131.3648360622744,370.19328722101335,6.001416508271417,6.901628984512128,5.101204032030704,69.04904840525379,2.236473439249153,25.078135515894683,24.726452275799534,22.093807438846316,96.58273906766436,24.842546357946077,31.487882084468414,19.240823560103312,1.5831655825683435,Synthetic deterministic publication-reference demo; not NASA POWER
2026-05-15,0.7097526591693051,34.82968089968339,3.0430980100676437,4.10151158452663,116.48292900055628,365.162887317789,0.0,0.0,0.0,62.41280597878076,2.5116190723923446,26.05346349998407,24.948001228452636,19.629941080885516,96.77466547694898,24.214905523058835,31.067659494530062,18.42188269461458,1.8558666468602785,Synthetic deterministic publication-reference demo; not NASA POWER
2026-05-16,0.7350435090194952,31.794778917660576,3.3302655401077863,4.087205989920655,116.0766501137466,347.21583555577155,5.0148896287443,5.767123073055945,4.262656184432656,62.08111960481379,1.214224524115839,25.588224430795677,24.244497818596123,23.086862712664573,97.47206615799884,24.036460101931127,30.923448563013604,19.09349250365155,1.234585930478198,Synthetic deterministic publication-reference demo; not NASA POWER
2026-05-17,0.8097026778570683,22.835678657151803,3.644675652357403,4.595985554080773,130.52598973589394,373.2273319041033,0.0,0.0,0.0,62.89312558291713,0.36586008668155334,24.927673426140053,25.38604663469846,23.604717902331846,96.45713690112493,24.041414463097666,32.334147382773885,17.664100548575554,1.8406061099380064,Synthetic deterministic publication-reference demo; not NASA POWER
2026-05-18,0.8220324664539097,21.356104025530836,4.274048764826162,5.264691582981555,149.51724095667615,366.6764628001003,0.0,0.0,0.0,62.19407988643054,1.6013671868507715,26.8614963470803,25.840875349953954,26.11704003625465,96.88024867563581,25.244384529025645,33.44175136852662,18.70235079545343,1.8046171626341552,Synthetic deterministic publication-reference demo; not NASA POWER
2026-05-19,0.8037375372003198,23.551495535961624,3.820884295887151,5.11705152703464,145.32426336778377,366.2871159301248,0.0,0.0,0.0,58.46983397234984,3.977245928908303,26.632677400506562,27.354294308953623,22.5724130477153,96.4957354032103,26.54028895256114,34.81110408340382,19.296029222900245,2.2851993399371096,Synthetic deterministic publication-reference demo; not NASA POWER
2026-05-20,0.8030886232352097,23.629365211774836,3.45743517035696,4.548566973471206,129.17930204658225,348.01131951800016,0.0,0.0,0.0,62.12728104484388,4.927958747782188,24.17652982484683,24.64287971991037,21.800548832335807,96.37870655115846,23.856733349689318,31.204483740489422,17.79917094634788,2.259134927198852,Synthetic deterministic publication-reference demo; not NASA POWER
2026-05-21,0.6358655424001934,43.696134911976785,3.760383389316182,4.496728142865274,127.70707925737379,369.22957069809786,0.0,0.0,0.0,57.00201256195841,1.997881638270461,26.24869423641176,26.180474200298097,18.83318044966397,96.46702376194384,25.453478907993524,33.79815988739654,18.446168390092446,1.824558717212426,Synthetic deterministic publication-reference demo; not NASA POWER
2026-05-22,0.5570237313721683,53.1571522353398,3.6659476876527832,4.217864010940522,119.78733791071082,369.35965113702247,0.0,0.0,0.0,64.69597751536989,3.478171377307912,26.73234334909072,25.953496217600254,17.4751187198093,96.99636888485114,25.206682942410776,33.014287749211604,19.327601703779337,2.423947659630934,Synthetic deterministic publication-reference demo; not NASA POWER
2026-05-23,0.8579858922017132,17.041692935794426,3.1786067626553796,4.1932159322648666,119.0873324763222,362.11984307251896,0.0,0.0,0.0,69.13943329490922,2.670377845244495,23.05959899540978,23.85321129084367,19.801700908268806,96.55260051584497,23.554364694510777,30.569868366309862,16.788091795671548,3.054745465649395,Synthetic deterministic publication-reference demo; not NASA POWER
2026-05-24,0.7439573898393855,30.725113219273737,4.419204874134715,5.001676874171265,142.0476232264639,358.9750097749791,0.0,0.0,0.0,66.17456385968637,2.920627207071008,24.75479888164744,24.197748560364996,21.93571639049287,96.31636844303334,24.483906706193245,31.842663297660728,17.69284621081284,3.3755970136765714,Synthetic deterministic publication-reference demo; not NASA POWER
2026-05-25,0.7062740376501617,35.24711548198059,3.7866918309756716,4.753657021537021,135.00385941165138,371.24663683147804,0.0,0.0,0.0,63.53759357166456,5.216322060173454,27.412100111886218,26.40030243585002,22.400695375387333,95.66456521477053,26.205531008529896,34.14480034267385,18.51761430415571,1.8332980378563106,Synthetic deterministic publication-reference demo; not NASA POWER
2026-05-26,0.933825046380707,7.940994434315169,4.586103657953823,5.563415426478596,158.00099811199212,362.7646551793216,0.0,0.0,0.0,62.541192505090024,-0.693895284210418,24.696578221688195,24.33833035305581,24.357299496911892,97.42596295601085,23.367947725942237,32.231978703971244,17.810789029927633,1.3852832931069832,Synthetic deterministic publication-reference demo; not NASA POWER
2026-05-27,0.9186603018571098,9.760763777146822,4.033568593981224,4.563313139817289,129.598093170811,358.4387521709802,4.44740417826375,5.114514805003313,3.7802935515241876,64.81247051656707,1.2423950514075135,26.26367320781154,23.890479591979737,23.939421368411633,97.35569860569424,24.307566288153545,32.529962783604375,17.315595367317798,2.773726674092337,Synthetic deterministic publication-reference demo; not NASA POWER
2026-05-28,0.799344203906398,24.078695531232235,3.5581147484395403,4.741616297803112,134.66190285760837,364.49789948491633,0.0,0.0,0.0,70.28459447857574,4.431770137481764,23.941973250702652,23.98972917139198,22.737533504706636,95.83266020651256,23.482356347442412,30.876538598283403,16.544839579115983,2.7979077190929678,Synthetic deterministic publication-reference demo; not NASA POWER
2026-05-29,0.6701927767299198,39.576866792409625,2.9250072793335513,4.202091030584295,119.33938526859399,369.83605153521825,0.0,0.0,0.0,64.28669039102307,0.12488629214858582,28.168511398846256,27.42365016059312,19.98307513325023,96.35509557140756,27.52829008111361,35.62140090630902,21.217456071437713,1.7442578707446659,Synthetic deterministic publication-reference demo; not NASA POWER
2026-05-30,0.6681694786506963,39.819662561916445,3.2859631231157835,4.322549501188322,122.76040583374835,361.3494104479631,0.0,0.0,0.0,62.13466383855669,0.664587937655843,25.180836804054024,24.988721106002323,20.50913910741254,95.98117136490005,24.122948620587945,30.773527814711514,19.12318415218165,3.1642284366397835,Synthetic deterministic publication-reference demo; not NASA POWER
2026-05-31,0.8377048876770192,19.475413478757694,4.625055491427708,5.624082469086287,159.72394212205054,376.22139150913443,0.0,0.0,0.0,70.26418934847776,2.031635563268056,27.74163505181994,26.045457352308834,26.307139907005876,96.51481348142457,25.949887133804992,33.559298223106644,20.725623714581886,3.123880069845006,Synthetic deterministic publication-reference demo; not NASA POWER
2026-06-01,0.687186735559507,37.537591732859156,3.9271994229110896,5.048290209362408,143.37144194589237,376.6238601118477,0.0,0.0,0.0,69.08812666170844,5.049394688612665,27.513554488119723,26.35042038105736,23.874749530964976,97.40029857216103,26.24637010982522,34.19562035846987,19.217498715199703,3.3140322175193333,Synthetic deterministic publication-reference demo; not NASA POWER
2026-06-02,0.768080305161196,27.830363380656483,3.22270294091903,4.231780441775139,120.18256454641394,375.02719943960335,0.0,0.0,0.0,56.486258402700074,6.476737023953347,29.475732421796785,27.579101892677738,21.557483116111246,97.19561776822968,27.57232976494225,35.93267320363637,20.82382349459584,1.87064296886278,Synthetic deterministic publication-reference demo; not NASA POWER
2026-06-03,0.8730128769847543,15.238454761829491,4.963970168173585,5.637550731063302,160.1064407621978,365.45415913511573,0.0,0.0,0.0,67.2304678596453,0.14708486411658406,26.857501682430453,24.311790731834254,28.035449791666597,96.79031797083586,24.444958538381623,32.59761784548394,19.06822719076816,2.166953816001903,Synthetic deterministic publication-reference demo; not NASA POWER
2026-06-04,0.8301546476387185,20.381442283353778,3.73882206069086,4.696419543025728,133.37831502193066,370.3378354357774,0.0,0.0,0.0,64.71911212976634,0.23143894178638136,29.60839402155172,28.171605821711854,23.551055164688577,97.43569779284722,28.0439377055984,35.59933110883732,23.273296216943066,1.9994459453767968,Synthetic deterministic publication-reference demo; not NASA POWER
2026-06-05,0.7258172189068324,32.90193373118011,4.44136586129786,5.184823228118785,147.24897967857348,368.7702194833869,0.0,0.0,0.0,61.096300791756576,2.877323640613313,26.51744273777482,25.131238714351646,24.8323503478745,97.23628694006544,25.974148412691022,33.8853238993949,19.043596839279914,1.6528943716450013,Synthetic deterministic publication-reference demo; not NASA POWER
2026-06-06,0.8403892442678381,19.153290687859425,3.7008339864015953,4.826695522117647,137.07815282814116,373.79543504819804,0.0,0.0,0.0,65.35301393227988,-2.6484191548497957,27.06792930886236,26.17123334748575,22.455777908065215,96.38494546386241,26.27744448811212,33.042716380718616,19.093160578330508,1.9502878198517766,Synthetic deterministic publication-reference demo; not NASA POWER
2026-06-07,0.796378626738334,24.434564791399914,4.088990726875482,4.662377226078727,132.41151322063584,368.66786831649625,0.0,0.0,0.0,57.5051438440927,-1.0882526454246155,27.557214328846225,27.86713764458318,20.585534190015707,95.1098899585496,27.045677441053527,34.4160881894911,21.03011997657532,2.1739255672415547,Synthetic deterministic publication-reference demo; not NASA POWER
2026-06-08,0.8902184709115999,13.173783490608015,4.146110047168609,4.967614121953753,141.08024106348657,370.61430596359673,0.0,0.0,0.0,70.2000351790895,0.17528325324999883,28.351280674012198,27.550435434302873,24.275980708438926,96.01057011757808,27.458190515496547,33.78123822278112,19.40262152000721,2.6438299223791564,Synthetic deterministic publication-reference demo; not NASA POWER
2026-06-09,0.7029252042489492,35.64897549012609,3.847148635802617,4.801150909118133,136.35268581895497,383.393616354967,0.0,0.0,0.0,67.17229127034098,3.5323338515957285,27.353275778936837,26.711170764204827,21.45177213118621,97.14631127810942,26.031762848113132,35.397618565136284,20.185600182649097,4.450884145740781,Synthetic deterministic publication-reference demo; not NASA POWER
2026-06-10,0.8041791464975039,23.49850242029953,4.347860997328904,5.010937835945514,142.3106345408526,363.19340392603925,0.0,0.0,0.0,64.82674958161329,-0.38548392430051037,25.590037521790734,25.009065926509347,25.02663449689628,95.82673578477132,24.78882984717037,31.911123371404113,17.548325974020283,2.6613032057863246,Synthetic deterministic publication-reference demo; not NASA POWER
2026-06-11,0.9326801844709983,8.078377863480199,4.321068949638322,5.440229565412262,154.50251965770823,361.9593203058857,6.812489764217162,7.834363228849735,5.790616299584587,66.80947672616523,3.7045801959767175,26.962590703743338,27.70619847054902,24.105753961742604,96.99323555819021,26.3976173936125,36.109172005195056,20.160260707239722,2.365364774646211,Synthetic deterministic publication-reference demo; not NASA POWER
2026-06-12,0.8609768067088713,16.682783194935443,4.415193468832534,5.2635676439666,149.48532108865143,372.2875258263282,0.0,0.0,0.0,70.88596327241494,0.4402488298113021,30.462690697407176,28.013298687891172,26.592049172456164,96.9459265323774,27.09349752692644,33.59692346694995,18.688217389263855,2.4439132657321454,Synthetic deterministic publication-reference demo; not NASA POWER
2026-06-13,0.6842991889270422,37.88409732875494,3.7651090569273733,4.599398761503403,130.62292482669665,373.4902526090329,0.0,0.0,0.0,64.77152216702738,1.654508092896104,28.620977036798667,28.10727433829167,20.81570744409533,96.46895031170317,27.640397233661076,35.63942730059288,21.211863533025305,3.2968528022299517,Synthetic deterministic publication-reference demo; not NASA POWER
2026-06-14,0.6874817990766875,37.502184110797494,3.694578270074714,4.129417913562648,117.2754687451792,373.7423928797676,0.0,0.0,0.0,62.86541744541735,6.449114075072989,28.31075834181189,27.836013956201278,20.96707334108236,95.76344562048757,28.15770649224428,34.32441388724868,21.20745015250104,3.4353446148541127,Synthetic deterministic publication-reference demo; not NASA POWER
2026-06-15,0.8540897801466678,17.50922638239987,3.619298456292064,4.8360722475979125,137.3444518317807,370.7600373925076,0.0,0.0,0.0,55.56608439158131,4.704374656660006,28.206075586897228,28.59495541469427,24.98365331836585,95.30812128889343,28.144463168387848,36.608193975656114,21.187400834556435,4.270900817778976,Synthetic deterministic publication-reference demo; not NASA POWER
2026-06-16,0.872217419606665,15.333909647200208,3.853538044175897,4.6067837704959596,130.83265908208526,372.4985602471921,0.0,0.0,0.0,52.470571058872885,1.7342439760106756,28.815774038733828,27.240009221644254,24.191146500669365,96.61390086662117,27.888770534423486,34.88813672449417,21.584788538675234,2.1249814340714033,Synthetic deterministic publication-reference demo; not NASA POWER
2026-06-17,0.8792030495133267,14.495634058400794,2.894347821796948,4.1470540011413375,117.77633363241398,364.84908871537897,0.0,0.0,0.0,58.52810227993069,3.5338469491185736,30.033502571791676,27.92984084685997,22.716706872206792,96.66658125243231,27.56489007580953,34.69634894752764,20.729563655891823,1.4444123866286445,Synthetic deterministic publication-reference demo; not NASA POWER
2026-06-18,0.814590613757131,22.24912634914427,4.149612679428042,5.152337099699643,146.32637363146986,361.7361510066517,0.0,0.0,0.0,62.77170185896858,5.562824340985061,28.422408502733983,26.72737947083454,25.61154459269816,96.33619930919384,26.687544174425813,34.873292119309184,20.3509333690703,2.1159348622443206,Synthetic deterministic publication-reference demo; not NASA POWER
2026-06-19,0.6808327511210235,38.300069865477184,3.4161936492084704,4.361043498858778,123.85363536758929,379.9545095377654,0.0,0.0,0.0,69.95026355406553,1.961419092930405,29.627553655715833,27.54380109566686,19.49425188121539,96.3028514455298,28.220993117110424,35.78947996600222,21.998440388915107,2.3536001828971225,Synthetic deterministic publication-reference demo; not NASA POWER
2026-06-20,0.7636005109986945,28.367938680156655,3.618197056493593,4.3400854473917105,123.25842670592458,363.32019487266666,0.0,0.0,0.0,60.71103969811857,1.5852892506554874,26.428329076540766,23.936171039801405,22.26334974882218,95.7454306696472,25.173252890691344,31.916350013511902,19.541050223381976,2.592434719394602,Synthetic deterministic publication-reference demo; not NASA POWER
2026-06-21,0.7846010898532113,25.847869217614644,3.6739484348678055,4.8441609011938915,137.5741695939065,354.9453576425792,0.28550927661619285,0.32833566810862175,0.24268288512376393,60.58621395866599,0.7042632511967046,26.051334232198922,26.391588719991162,24.033468078058423,96.39267970055637,25.203374125141206,31.952322185356234,18.46168019114092,2.3720970652152733,Synthetic deterministic publication-reference demo; not NASA POWER
2026-06-22,0.720465745708843,33.54411051493884,3.8938555012906106,4.849168576092658,137.71638756103147,359.91183869748767,0.0,0.0,0.0,64.04669180271203,2.9805629169893866,29.555291164152642,28.713602595129824,22.81290525636647,95.5557877926798,28.740498356278174,35.883962990219864,20.97969984102904,3.533914074501084,Synthetic deterministic publication-reference demo; not NASA POWER
2026-06-23,0.8077038724809985,23.07553530228018,3.5840197842098354,4.294304136585536,121.95823747902922,370.9449743952073,0.0,0.0,0.0,68.07401983717958,1.1089557533109107,29.325291082171894,26.556952248324674,22.225045088120822,96.82799251594795,27.324368015404914,35.35275091687279,20.938808903709486,3.3344682559744765,Synthetic deterministic publication-reference demo; not NASA POWER
2026-06-24,0.7192703180526647,33.687561833680235,3.5634368540663774,4.381192450492285,124.42586559398089,365.85541798755065,0.0,0.0,0.0,64.2988948060691,2.8792336033392782,29.03721334808542,27.979117360338826,21.18201758128859,96.51810266472481,27.13888723159714,33.727139679003315,21.518419706193438,2.63873354388427,Synthetic deterministic publication-reference demo; not NASA POWER
2026-06-25,0.6631797472988074,40.41843032414312,3.6293668876239873,3.9624782862240275,112.53438332876237,360.6842336528904,0.0,0.0,0.0,63.285464732716996,2.4767348521496673,27.703696981741302,27.080743515137513,20.472989833629356,97.08142859068673,26.711365362467095,32.895134094422865,19.945539106620178,3.3789973267221916,Synthetic deterministic publication-reference demo; not NASA POWER
2026-06-26,0.8241473907167995,21.10231311398405,3.923863804513621,4.8026842701723345,136.39623327289428,370.7306191397758,0.0,0.0,0.0,73.58854814325097,0.20665522602596775,28.2079568058829,28.5766395061119,25.374098568231272,96.42564664469403,27.88420312048832,33.703816713187635,22.572946595167522,2.9111000054050593,Synthetic deterministic publication-reference demo; not NASA POWER
2026-06-27,0.95,5.943265863882392,3.743582274491219,4.471277212724587,126.98427284137827,369.55071851940824,0.0,0.0,0.0,65.13521814765495,-0.11529643086403607,28.95622281606116,27.789758838484833,24.243443912246605,97.19468926753419,26.91282694104285,33.69425417957569,21.54613974968539,2.627140693526257,Synthetic deterministic publication-reference demo; not NASA POWER
2026-06-28,0.8026253543084533,23.68495748298561,3.974605645084533,4.855270042133019,137.88966919657773,364.4779778220986,0.0,0.0,0.0,68.148078440111,3.329035458220659,27.426085424635765,24.555728644331886,24.269418146496655,96.48189356585075,25.15957467566248,32.232881034768646,17.860341786618047,3.412200610302641,Synthetic deterministic publication-reference demo; not NASA POWER
2026-06-29,0.7433504459813154,30.797946482242157,3.410197450597447,4.389076420789899,124.64977035043313,352.93361290331484,0.0,0.0,0.0,64.74556787050497,1.042014863156702,26.80621754632257,25.18232272822323,22.89679122764836,96.09950313183427,25.295969263614275,31.994831808319194,19.683614507548153,1.8985184201118679,Synthetic deterministic publication-reference demo; not NASA POWER
2026-06-30,0.9074789963979768,11.102520432242786,3.9127436253536416,5.0693035619693685,143.96822115993007,366.2758859537378,0.0,0.0,0.0,68.04425156534704,7.498922232292501,28.7762918009667,26.91122587914528,23.80979962913025,96.38392092193935,26.74495895029699,33.33726711331498,20.07878258912053,4.4548892170641885,Synthetic deterministic publication-reference demo; not NASA POWER
2026-07-01,0.7749048289493077,27.011420526083082,3.885149433473692,4.738390093024786,134.5702786419039,376.71402342463307,0.0,0.0,0.0,64.92804854094375,7.047907209532138,27.425330701270887,26.8110399715501,20.98062622948107,96.90607364238791,27.434736228692305,35.397216526248535,21.134767166489222,2.312506783019679,Synthetic deterministic publication-reference demo; not NASA POWER
2026-07-02,0.7975721654579715,24.291340145043424,4.087400591409382,4.922875621629219,139.80966765426982,365.2459291909294,0.0,0.0,0.0,63.68199150373604,0.5172547333747579,27.419185446203173,25.960570025794613,23.828117613837062,96.87305798177829,25.603661823661366,33.23650858259138,18.852121116032045,3.851667181603036,Synthetic deterministic publication-reference demo; not NASA POWER
2026-07-03,0.7054387532809612,35.34734960628466,3.3635731630555252,4.406096587286445,125.13314307893503,376.31317524313465,0.0,0.0,0.0,60.68565223579858,5.084730557335206,29.58364897888057,28.556813166439674,20.72363314413007,96.56992799189072,27.97683873583723,34.19025335732967,22.19329007372017,4.212665319117972,Synthetic deterministic publication-reference demo; not NASA POWER
2026-07-04,0.6604379619963973,40.74744456043233,4.147790014061541,5.272833775964453,149.74847923739046,366.4885718496364,0.0,0.0,0.0,62.95578192853513,2.6521955871582055,28.517736636028673,27.065532063552894,24.48468182438161,95.23734057942636,26.77905781803378,33.63215950379171,20.163973221013737,2.050812334432445,Synthetic deterministic publication-reference demo; not NASA POWER
2026-07-05,0.6571874169372702,41.13750996752757,3.999354516439419,4.79680866347471,136.22936604268176,370.1840284451803,0.0,0.0,0.0,62.109767329371856,4.687341852150996,27.78681780611953,27.51657403435921,21.415088969172785,96.49782526365084,27.212181811761763,35.1982238158879,20.079190850755374,1.7729796053036724,Synthetic deterministic publication-reference demo; not NASA POWER
2026-07-06,0.7243916600127056,33.07300079847532,3.9391171692571745,5.024685080952813,142.7010562990599,360.9078121821822,0.0,0.0,0.0,64.01985896315416,1.477962946205437,26.625804538284516,25.67856147961525,24.266254083028304,97.7014694617887,25.79918231892377,32.77215486082578,18.014679908188,3.650588421209108,Synthetic deterministic publication-reference demo; not NASA POWER
2026-07-07,0.7113740602583793,34.635112768994475,4.042727208716385,5.158647456460436,146.50558776347637,368.4846567822637,0.4048561098208725,0.4655845262940033,0.3441276933477416,57.18586395456696,1.804467821474704,28.414282559146514,28.568292132036614,22.764304905375976,95.85609924958311,27.640230775351817,35.10975160001854,20.296300077722982,3.4884374767277153,Synthetic deterministic publication-reference demo; not NASA POWER
2026-07-08,0.7603092679887371,28.762887841351553,3.6421495401941764,4.528065900237596,128.59707156674773,371.1590058944924,0.0,0.0,0.0,59.631686066027605,5.7851324954736745,30.10929426192967,28.289317867757727,19.908546952855136,96.03574149692089,28.06231623345151,35.498915714628104,21.94145583965406,2.4956305322805603,Synthetic deterministic publication-reference demo; not NASA POWER
2026-07-09,0.9326573416009873,8.081119007881512,4.119841646967505,4.679162938928793,132.88822746557773,365.42417719568414,0.0,0.0,0.0,61.848818434816835,-2.980567081174218,25.3858709642445,25.732052952327482,22.77086865874642,96.36676252375237,24.772490775390363,32.351161876361644,19.04795712361642,2.3245791343697073,Synthetic deterministic publication-reference demo; not NASA POWER
2026-07-10,0.8577785214714382,17.06657742342741,4.071142555036107,5.143664210675308,146.08006358317874,367.6702945364955,0.0,0.0,0.0,61.57877982490853,-0.40664007942937075,26.364929957760886,26.268616008107255,23.111767487348587,95.99781826146167,26.185185180116367,33.99800434149093,20.676024962502257,1.5275717741380896,Synthetic deterministic publication-reference demo; not NASA POWER
2026-07-11,0.9041863796118492,11.497634446578097,4.49453636312885,5.110649096822392,145.14243434975594,350.2205535428692,0.0,0.0,0.0,69.72842763116527,1.5872275415086816,26.895605728561492,25.087061279326637,24.837759239992852,97.0593982457957,24.916513754555083,32.13580888365022,19.031550635719608,2.98035444578716,Synthetic deterministic publication-reference demo; not NASA POWER
2026-07-12,0.6658068267335745,40.10318079197106,3.3483547587741738,3.8771688807700055,110.11159621386815,358.6766196735034,0.0,0.0,0.0,58.29758505312327,4.154130892686795,26.598456791251312,25.959634888140194,18.987298584234885,96.36670158248968,25.90320920590583,32.56341280755525,18.957253753179245,2.3499871945568778,Synthetic deterministic publication-reference demo; not NASA POWER
2026-07-13,0.6699822535808327,39.60212957030007,3.1844460852725582,4.188801132569119,118.96195216496298,362.3546076231659,0.0,0.0,0.0,64.27615721017436,0.2950613006031986,25.4926456103477,25.114025421795276,17.58076985372468,97.01116596100624,25.095204264955036,33.61862341088394,19.60679318100394,2.129576545578446,Synthetic deterministic publication-reference demo; not NASA POWER
2026-07-14,0.7493515920104761,30.077808958742867,4.110877793401755,5.085588852394826,144.43072340801305,361.6465872173649,1.0502351640298762,1.2077704386343575,0.8926998894253947,67.86715013510153,3.955089733570067,27.371608199990586,26.224507176889002,21.919626159083922,96.19531253342768,26.79249884047455,34.947764939285825,19.314287356998133,1.319024470347105,Synthetic deterministic publication-reference demo; not NASA POWER
2026-07-15,0.7359210000118651,31.689479998576186,3.9263373583312866,5.0966185898573,144.74396795194733,365.15759241927924,2.7667435180619666,3.1817550457712613,2.3517319903526714,63.70652801350626,1.7334400598339377,25.46824740556267,24.12749599360326,23.06838120146051,96.73503854064613,25.18269457949563,34.113497353392574,17.77764508435878,2.196522540764926,Synthetic deterministic publication-reference demo; not NASA POWER
2026-07-16,0.7535212620397754,29.577448555226944,4.218920182782287,5.316687152653422,150.99391513535718,372.32665737617276,0.0,0.0,0.0,60.957681234330565,1.485893473099754,29.463701853396827,27.852817499464447,22.81207402061501,97.15395761952807,27.316379401537816,34.52444985220894,18.641424293682775,3.5825281237814055,Synthetic deterministic publication-reference demo; not NASA POWER
2026-07-17,0.7765541310764557,26.81350427082532,3.7191281994653753,4.9184443674393945,139.68382003527879,369.27057780447115,0.0,0.0,0.0,60.18454568556968,0.9022526197673455,27.671141923615057,26.406943749355143,21.3388937017261,96.6805423086933,25.490150457326624,32.948891100200655,19.160904108019643,3.571137505217351,Synthetic deterministic publication-reference demo; not NASA POWER
2026-07-18,0.9206169612571132,9.52596464914641,4.061999002883078,5.368619115936821,152.4687828926057,370.26776337040474,0.0,0.0,0.0,60.026230994898484,1.1062212197988517,26.225308154243653,26.05675334200325,25.525758539394317,95.71107823631324,24.753388943539534,31.800981107058394,17.936565039134756,3.0555545415404213,Synthetic deterministic publication-reference demo; not NASA POWER
2026-07-19,0.6466489933280759,42.4021208006309,3.6565980334141757,4.571829389977937,129.8399546753734,362.3033399905254,0.0,0.0,0.0,59.58158129782639,-2.961533487512444,27.202077112136404,25.999146660584564,20.479923894958947,96.25880677518442,25.656005835306026,32.88235369172969,18.631577557383086,2.8171733530634984,Synthetic deterministic publication-reference demo; not NASA POWER
2026-07-20,0.8117157786946598,22.594106556640817,4.0173360520098464,4.791266481156558,136.07196806484626,366.28725566368877,0.0,0.0,0.0,58.45226769298133,1.5813094605222435,26.771310327957316,26.138496745080896,23.641475899819984,96.31342253033417,25.702279301371476,32.554272130590256,19.47089338696338,4.373055461106295,Synthetic deterministic publication-reference demo; not NASA POWER
2026-07-21,0.7792915330920319,26.485016028956174,3.939765535367323,4.49451384968876,127.64419333116078,377.7210297619146,0.0,0.0,0.0,63.341491305464686,4.285233044323231,26.715651514264835,26.406604464071407,20.18635043532834,95.44870167815533,26.10139918739807,34.15073397184088,18.813448752798706,2.1809750246776574,Synthetic deterministic publication-reference demo; not NASA POWER
2026-07-22,0.7804589194284179,26.344929668589852,3.905808450595691,5.2108979112719185,147.9895006801225,367.4824248940957,0.0,0.0,0.0,59.80759204362091,1.9729214345612196,27.420518194881787,26.004878353888476,23.962184642439006,96.64438910049647,25.672421879758414,33.973287740346606,18.698604634103702,2.7791309878889443,Synthetic deterministic publication-reference demo; not NASA POWER
2026-07-23,0.7359269267892787,31.688768785286552,4.378513475841343,5.04640774226664,143.31797988037255,373.5431513045328,0.0,0.0,0.0,59.979960072032995,0.8246037617679008,27.600710057380976,26.234710862256623,24.821061098319444,96.36833790010152,25.704945448664628,32.95924474554478,18.961735039357148,3.3074129252823257,Synthetic deterministic publication-reference demo; not NASA POWER
2026-07-24,0.8419179292034812,18.969848495582262,3.3912360363457443,4.115447523105397,116.87870965619327,361.0091374574153,0.0,0.0,0.0,64.84941960509248,0.9727866209313546,26.924447925465287,25.80215247832162,23.23585019321982,96.81473074836026,25.059016409598463,31.945779768316747,19.634767805170984,2.3858756650560675,Synthetic deterministic publication-reference demo; not NASA POWER
2026-07-25,0.7081073776686913,35.02711467975705,3.5496117641579987,4.156142891201196,118.03445811011397,368.102928150855,0.0,0.0,0.0,61.93034528333994,0.3415612529146743,25.93633750337921,25.250884697503576,20.02105062217896,97.14374117504823,24.90653280720577,32.29038455525168,17.505198157324468,2.9873715840275485,Synthetic deterministic publication-reference demo; not NASA POWER
2026-07-26,0.7498994749648806,30.012063004214323,3.791901421479872,4.770329871216119,135.47736834253777,359.7102767004646,0.0,0.0,0.0,64.56373630775798,0.5719298002349453,27.389240725711787,26.496538875427557,21.553027121633136,95.79898541223942,25.719731924338156,34.07130028300123,20.129923464276086,1.9748886498337463,Synthetic deterministic publication-reference demo; not NASA POWER
2026-07-27,0.7592068630575958,28.89517643308851,3.5587344455175867,4.3302144322487965,122.97808987586582,359.3070119758784,0.0,0.0,0.0,76.23586658207178,2.73121806998625,24.419950024398993,23.108590736255902,21.84457944281858,96.321094019272,22.898712358229183,29.162943742464797,15.963419274256463,1.7171519925597327,Synthetic deterministic publication-reference demo; not NASA POWER
2026-07-28,0.7006116928658701,35.92659685609558,3.5152957462404633,4.2347251600867795,120.26619454646453,363.24866447849115,0.0,0.0,0.0,69.19396989623067,0.7956916148883582,28.519460905966106,26.61562452033961,20.67205346241384,97.00064411270041,25.999102203524785,34.680038752175626,19.542528501978197,2.203293917578879,Synthetic deterministic publication-reference demo; not NASA POWER
2026-07-29,0.7673466554367518,27.918401347589775,3.9580578356532086,4.422529539448375,125.59983892033384,368.40281846715504,0.0,0.0,0.0,71.6018854306188,2.689437616966538,26.620364992203694,25.79596622153863,19.148752075532137,96.77497411725639,25.671121960751623,32.3447956243388,18.612727780428408,2.9400346736146594,Synthetic deterministic publication-reference demo; not NASA POWER
2026-07-30,0.6311912709739345,44.25704748312787,3.6647965273587757,4.725644974500422,134.20831727581196,368.41596135327563,0.0,0.0,0.0,59.665593412534136,3.7735042627016178,27.601206242068773,25.131819780553098,19.041198215814017,97.8715783454778,25.36168606317247,32.82698763927154,18.616648832176256,2.3226462411536724,Synthetic deterministic publication-reference demo; not NASA POWER
2026-07-31,0.8943692742014354,12.675687095827746,4.168382971425073,4.976464480134231,141.33159123581214,366.9790501176106,0.0,0.0,0.0,62.631547043884765,-2.4959530568184176,26.07166860851897,25.34127296187657,25.200730841433973,96.90516029079515,24.90863308668462,32.403350988990994,17.621108544524052,2.7215890432390606,Synthetic deterministic publication-reference demo; not NASA POWER
2026-08-01,0.6247957863256469,45.02450564092237,3.844881392767177,4.640693032170922,131.79568211365418,368.1846699484811,0.0,0.0,0.0,67.82394612081406,1.138669165390138,26.376709818192907,23.82678616529641,19.901852006450884,96.77389971703836,23.660192502291775,30.444895952645588,16.544176759862136,3.0089566711231273,Synthetic deterministic publication-reference demo; not NASA POWER
2026-08-02,0.7930677291567404,24.831872501191153,4.001857017758031,5.054516391951607,143.5482655314256,369.7340624972171,1.3671901772611004,1.5722687038502654,1.1621116506719353,67.53763453209999,0.7510074855936766,25.20917211947025,24.120514735628213,21.986723042839145,96.67015832705304,23.396105986047083,29.77680105959461,17.280938705027,3.983663763227219,Synthetic deterministic publication-reference demo; not NASA POWER
2026-08-03,0.704653974325008,35.44152308099905,2.9885059147745667,4.0486423892954955,114.98144385599207,363.9166712665645,3.6365577282633117,4.182041387502808,3.091074069023815,69.87965405862289,5.060749758449295,24.92287453082298,23.565012259402774,19.687477859397887,96.53815404101859,22.72039046006929,30.802448353574324,16.205553959759808,2.1158049199192415,Synthetic deterministic publication-reference demo; not NASA POWER
2026-08-04,0.6929103620666113,36.850756552006644,3.69171551376473,4.497578488113305,127.73122906241787,360.99215457830735,0.0,0.0,0.0,60.43330244230009,1.3776992354306783,24.285121391615284,23.211079386683927,19.77104048424393,96.15155183309552,23.369158638065272,31.35145750276809,16.85961691669506,1.7712265878459816,Synthetic deterministic publication-reference demo; not NASA POWER
2026-08-05,0.6755361018653038,38.93566777616355,3.742901684309871,4.693647636191879,133.29959286784936,358.62698415852185,3.825362397053347,4.399166756611349,3.2515580374953448,79.11710553017376,0.05183466282016824,22.70059407669842,21.488699382617074,19.082804295114435,96.24731220792656,21.31367473600504,28.443919994155056,15.441663736252634,2.6729343036683164,Synthetic deterministic publication-reference demo; not NASA POWER
2026-08-06,0.7267786059492822,32.78656728608613,4.646221879466986,5.074692799599122,144.12127550861504,365.47946045976676,0.0,0.0,0.0,65.01048426845333,4.571688556831355,22.274588761654485,21.478084365503125,19.715201422956646,96.51743264636835,21.086550924991656,28.631410519706815,13.108690070246077,2.2607519043307693,Synthetic deterministic publication-reference demo; not NASA POWER
2026-08-07,0.7494423176643856,30.066921880273725,3.87204928274223,4.799426304909315,136.30370705942454,359.15155941930334,0.0,0.0,0.0,65.9947173528071,0.8001478844980741,21.59506124841081,20.9362251999437,22.18142414104439,95.98568577828587,20.896058096322495,28.778864272980194,14.62151560464557,3.6011909395654125,Synthetic deterministic publication-reference demo; not NASA POWER
2026-08-08,0.6769297242868006,38.76843308558392,4.137945570403315,4.786095143729664,135.92510208192246,361.01060941963226,0.0,0.0,0.0,61.87088783767994,6.511316891676963,22.25240389010639,21.834811443906574,19.78141495663952,96.39762883347701,22.428484213206584,30.11039221131142,14.94238852982878,3.7923932982417554,Synthetic deterministic publication-reference demo; not NASA POWER
2026-08-09,0.7683885531978356,27.79337361625972,4.118369092281074,4.864897915766786,138.16310080777671,351.10627281565274,0.5479411918106463,0.6301323705822431,0.46575001303904934,55.20218249364018,-3.335780711297815,21.729547089113005,20.678671038273322,21.663250783631952,97.1160964487662,21.070304136493913,27.217735230651694,12.886398721792728,4.144699858648138,Synthetic deterministic publication-reference demo; not NASA POWER
2026-08-10,0.7408218424547461,31.10137890543047,3.6055579308793857,4.334652900905189,123.10414238570736,354.781181148185,5.477401181630673,6.299011358875273,4.655791004386072,67.55428599666902,-1.0132920692258323,22.166837541795886,20.08507393840277,20.937011850196228,96.10761790594563,20.77124823891883,28.378904454727127,14.596591548376466,3.4085088693753516,Synthetic deterministic publication-reference demo; not NASA POWER
2026-08-11,0.6631983741636944,40.416195100356674,4.082375458156015,4.836193099811932,137.34788403465885,374.2959532403404,0.0,0.0,0.0,72.15533598107999,4.624531988783146,25.07689530464631,23.386660899258363,21.680500790247944,95.88278853601837,23.177115257240978,30.97542946807132,16.084887077370233,4.2216419751403995,Synthetic deterministic publication-reference demo; not NASA POWER
